Gene,Modification,bHLH,,,,,,,,,
Atoh1,Y49-p,No,,,,,,,,,
Atoh1,Y80-p,No,,,,,,,,,
Atoh1,S84-p,No,,,,,,,,,
Atoh1,S109-p,No,,,,,,,,,
Atoh1,S110-p,No,,,,,,,,,
Atoh1,S150-p,No,,,,,,,,,
Atoh1,S196-p,Yes,,,,,,,,,
Atoh1,S312-p,No,,,,,,,,,
Atoh1,S314-p,No,,,,,,,,,
Atoh1,S328-p,No,,,,,,,,,
Atoh1,S331-p,No,,,,,,,,,
Atoh1,S334-p,No,,,,,,,,,
Atoh1,S337-p,No,,,,,,,,,
Atoh1,S342-p,No,,,,,,,,,
Atoh1,S345-p,No,,,,,,,,,
Atoh1,Y347-p,No,,,,,,,,,
Atoh1,S348-p,No,,,,,,,,,
Atoh1,S350-p,No,,,,,,,,,
Atoh7,S3-p,No,,,,,,,,,
Atoh7,S7-p,No,,,,,,,,,
Atoh7,S77-p,Yes,,,,,,,,,
Atoh7,T93-p,Yes,,,,,,,,,
Atoh8,K24-ac,No,,,,,,,,,
Atoh8,K25-ac,No,,,,,,,,,
Atoh8,K27-ac,No,,,,,,,,,
Atoh8,K29-ac,No,,,,,,,,,
Atoh8,T123-p,No,,,,,,,,,
Atoh8,T245-p,Yes,,,,,,,,,
Atoh8,S247-p,Yes,,,,,,,,,
BHLHE22,G13-p,No,,,,,,,,,
BHLHE22,S22-p,No,,,,,,,,,
BHLHE22,S24-p,No,,,,,,,,,
BHLHE22,S26-p,No,,,,,,,,,
BHLHE22,Y129-p,No,,,,,,,,,
BHLHE22,S147-p,No,,,,,,,,,
BHLHE22,S170-p,No,,,,,,,,,
BHLHE23,S16-p,No,,,,,,,,,
BHLHE23,S104-p,Yes,,,,,,,,,
BHLHA15,T3-p,No,,,,,,,,,
BHLHA15,A12-p,No,,,,,,,,,
BHLHA15,T25-p,No,,,,,,,,,
BHLHA15,K39-ac,No,,,,,,,,,
BHLHA15,K125-ub,Yes,,,,,,,,,
BHLHA15,S126-p,Yes,,,,,,,,,
BHLHA15,T128-p,Yes,,,,,,,,,
BHLHA15,S135-p,No,,,,,,,,, 
NEUROD1,S162-p,Yes,,,,,,,,, 
NEUROD1,S259-p,Yes,,,,,,,,,
NEUROD1,S266-p,Yes,,,,,,,,, 
NEUROD1,S274-p,Yes,,,,,,,,,
NEUROD1,S335-p,No,,,,,,,,,
NEUROD2,S7-p,No,,,,,,,,,
NEUROD2,S20-p,No,,,,,,,,,
NEUROD2,K156-ub,Yes,,,,,,,,,
NEUROD2,Y169-p,Yes,,,,,,,,,
NEUROD2,S212-p,Yes,,,,,,,,,
NEUROD4,K9-ub,No,,,,,,,,,
NEUROD4,S198-p,Yes,,,,,,,,,
NEUROD6,Y285-p,No,,,,,,,,,
NEUROD6,Y287-p,No,,,,,,,,,
NEUROD6,Y291-p,No,,,,,,,,,
NGN1,T129-p,Yes,,,,,,,,,
NGN1,S178-p,No,,,,,,,,,
NGN1,S201-p,No,,,,,,,,,
NGN2,S239-p,No,,,,,,,,,
NGN2,S242-p,No,,,,,,,,,
NGN2,Y250-p,No,,,,,,,,,
NGN2,Y261-p,No,,,,,,,,,
NGN3,R65-me,No,,,,,,,,,
NGN3,T112-p,Yes,,,,,,,,,
NGN3,S174-p,No,,,,,,,,,
NGN3,S183-p,No,,,,,,,,,
NGN3,S187-p,No,,,,,,,,,
OLIG1,S43-p,No,,,,,,,,,
OLIG1,S44-p,No,,,,,,,,,
OLIG1,T49-p,No,,,,,,,,,
OLIG1,S50-p,No,,,,,,,,,
OLIG1,S51-p,No,,,,,,,,,
OLIG1,T52-p,No,,,,,,,,,
OLIG1,S58-p,No,,,,,,,,,
OLIG1,S86-p,No,,,,,,,,,
OLIG1,S93-p,No,,,,,,,,,
OLIG1,S149-p,Yes,,,,,,,,,
OLIG2,S10-p,No,,,,,,,,,
OLIG2,S13-p,No,,,,,,,,,
OLIG2,S14-p,No,,,,,,,,,
OLIG2,K27-sm,No,,,,,,,,,
OLIG2,S32-p,No,,,,,,,,,
OLIG2,T35-p,No,,,,,,,,,
OLIG2,T43-p,No,,,,,,,,,
OLIG2,S61-p,No,,,,,,,,,
OLIG2,S73-p,No,,,,,,,,,
OLIG2,K76-sm,No,,,,,,,,,
OLIG2,S77-p,No,,,,,,,,,
OLIG2,S80-p,No,,,,,,,,,
OLIG2,S83-p,No,,,,,,,,,
OLIG2,S84-p,No,,,,,,,,,
OLIG2,S85-p,No,,,,,,,,,
OLIG2,K112-sm,Yes,,,,,,,,,
OLIG2,S147-p,Yes ,,,,,,,,,
OLIG2,T151-p,Yes,,,,,,,,,
OLIG2,T163-p,Yes,,,,,,,,,
OLIG2,S165-p,No,,,,,,,,,
OLIG3,S9-p,No,,,,,,,,,
OLIG3,S10-p,No,,,,,,,,,
OLIG3,K50-ac,No,,,,,,,,,
